ano,mes,tipo_processo,unidade_gestora,modalidade,licitacao,processo,objeto,abertura,homologacao,conclusao,situacao,valor_homologado
2024,1,Licitacao,Secretaria Municipal de Saude de Santa Teresa,Pregao Eletronico,000060/2023,009889/2023,AQUISICAO DE EQUIPAMENTOS DE INFORMATICA DESTINADO A SECRETARIA MUNICIPAL DE SAUDE ATRAVES DAS EMENDAS PARLAMENTARES Nº 40970003 E 27730001.,2024-01-15T00:00:00,2024-01-26T00:00:00,2024-01-26T00:00:00,Fracassada,0.0
2024,1,Licitacao,Secretaria Municipal de Saude de Santa Teresa,Pregao Eletronico,000067/2023,010174/2023,REGISTRO DE PRECOS PARA AQUISICAO DE MEDICAMENTOS PARA ATENDIMENTO DA DEMANDA DOS USUARIOS DESTA MUNICIPALIDADE,2024-01-22T00:00:00,2024-01-26T00:00:00,2024-01-26T00:00:00,Deserta,0.0
2024,1,Licitacao,Secretaria Municipal de Saude de Santa Teresa,Pregao Eletronico,000063/2023,010166/2023,REGISTRO DE PRECOS PARA AQUISICAO DE MEDICAMENTO PARA ATENDIMENTO DA DEMANDA DOS USUARIOS DESTA MUNICIPALIDADE,2024-01-08T00:00:00,2024-01-26T00:00:00,2024-01-26T00:00:00,Concluida,129312.0
2024,1,Licitacao,Secretaria Municipal de Saude de Santa Teresa,Pregao Eletronico,000062/2023,010172/2023,REGISTRO DE PRECOS PARA AQUISICAO DE MEDICAMENTO PARA ATENDIMENTO DA DEMANDA DOS USUARIOS DESTA MUNICIPALIDADE,2024-01-02T00:00:00,2024-01-23T00:00:00,2024-01-23T00:00:00,Concluida,55758.0
2024,1,Licitacao,Prefeitura Municipal de Santa Teresa,Concorrencia Eletronica,000002/2023,011105/2023,"Contratacao de empresa especializada para execucao de obra, com fornecimento de material, objetivando revitalizacao da central de residuos solidos de Santa Teresa - ES",2024-01-24T00:00:00,,,Em Andamento,0.0
2024,1,Licitacao,Prefeitura Municipal de Santa Teresa,Pregao Eletronico,000066/2023,012173/2023,AQUISICAO DE CESTAS BASICAS PARA O EXERCICIO DE 2024,2023-12-22T00:00:00,2024-01-09T00:00:00,2024-01-09T00:00:00,Concluida,156580.0
2024,1,Licitacao,Prefeitura Municipal de Santa Teresa,Concorrencia Eletronica,000001/2023,011168/2023,"Contratacao de empresa especializada em drenagem e pavimentacao em blocos pre-moldados em ruas do Distrito de Alto Santa Maria - Varzea Alegre, no Municipio de Santa Teresa-ES",2023-12-27T00:00:00,2024-01-30T00:00:00,2024-01-30T00:00:00,Concluida,216899.998
2024,1,Licitacao,Prefeitura Municipal de Santa Teresa,Pregao Eletronico,000057/2023,015153/2022,REGISTRO DE PRECOS PARA AQUISICAO DE MATERIAIS DE CONSTRUCAO EM GERAL DESTINADOS A SECRETARIA MUNICIPAL DE TURISMO E CULTURA,2023-12-06T00:00:00,2024-01-22T00:00:00,2024-01-22T00:00:00,Concluida,101420.77
2024,1,Licitacao,Prefeitura Municipal de Santa Teresa,Pregao Eletronico,000069/2023,010369/2023,"Aquisicao de generos alimenticios pereciveis e nao pereciveis (leite e derivados), destinados a atender as necessidades dos alunos da rede municipal de ensino do municipio de Santa Teresa/ES, conforme as diretrizes do Programa Nacional de Alimentacao Escolar (PNAE) e necessidades da Secretaria Municipal de Assistencia Social e seus Programas vinculados: Centro de Referencia de Assistencia Social   CRAS, Centro de Referencia Especializado de Assistencia Social   CREAS, Servico de Convivencia e Fortalecimento de Vinculos   SCFV, Cadastro Unico, Programa Auxilio Brasil e Servico de Acolhimento Institucional para Criancas e Adolescentes  Manoel Valentim",2024-01-05T00:00:00,2024-01-26T00:00:00,2024-01-26T00:00:00,Concluida,53155.4
2024,1,Licitacao,Prefeitura Municipal de Santa Teresa,Concorrencia Eletronica,000003/2023,011103/2023,Contratacao de empresa especializada para servicos de extensao de rede eletrica e iluminacao publica em diversas vias do Municipio de Santa Teresa - ES,2024-01-11T00:00:00,2024-01-29T00:00:00,2024-01-29T00:00:00,Concluida,439900.0026
2024,1,Licitacao,Prefeitura Municipal de Santa Teresa,Pregao Eletronico,000068/2023,010370/2023,"Aquisicao de generos alimenticios pereciveis (hortifrutigranjeiros), destinados a atender as necessidades dos alunos da rede municipal de ensino do municipio de Santa Teresa/ES, conforme as diretrizes do Programa Nacional de Alimentacao Escolar (PNAE); necessidades da Secretaria Municipal de Assistencia Social e seus Programas vinculados: Centro de Referencia de Assistencia Social   CRAS, Centro de Referencia Especializado de Assistencia Social   CREAS, Servico de Convivencia e Fortalecimento de Vinculos   SCFV, Cadastro Unico, Programa Auxilio Brasil e Servico de Acolhimento Institucional para Criancas e Adolescentes  Manoel Valentim  e aos alunos-atletas dos Projetos Sociais Esportivos desenvolvidos pela Secretaria de Esportes e Lazer",2024-01-09T00:00:00,2024-01-31T00:00:00,2024-01-31T00:00:00,Concluida,126093.23
2024,2,Licitacao,Secretaria Municipal de Saude de Santa Teresa,Pregao Eletronico,000064/2023,010171/2023,REGISTRO DE PRECOS PARA AQUISICAO DE MEDICAMENTO PARA ATENDIMENTO DA DEMANDA DOS USUARIOS DESTA MUNICIPALIDADE,2024-01-17T00:00:00,2024-02-09T00:00:00,2024-02-09T00:00:00,Concluida,46600.0
2024,2,Licitacao,Secretaria Municipal de Saude de Santa Teresa,Pregao Eletronico,000065/2023,010165/2023,REGISTRO DE PRECOS PARA AQUISICAO DE MEDICAMENTO PARA ATENDIMENTO DA DEMANDA DOS USUARIOS DESTA MUNICIPALIDADE,2024-01-12T00:00:00,2024-02-09T00:00:00,2024-02-09T00:00:00,Concluida,132400.0
2024,2,Licitacao,Prefeitura Municipal de Santa Teresa,Concorrencia Eletronica,000001/2024,013209/2023,"Contratacao de empresa especializada para execucao de obras e servicos de engenharia objetivando construcao de Portal de Entrada na Sede do Municipio de Santa Teresa e intervencao em sistema viario, em atendimento a Secretaria Municipal de Turismo e Cultura - SMTC.",2024-01-19T00:00:00,2024-02-22T00:00:00,2024-02-22T00:00:00,Concluida,938401.9793
2024,2,Licitacao,Prefeitura Municipal de Santa Teresa,Pregao Eletronico,000059/2023,011101/2023,Contratacao de empresa em Seguranca e Medicina do Trabalho para coordenar e executar o Programa de Controle Medico e de Saude Ocupacional vigentes do Fundo Municipal de Saude e da Prefeitura Municipal de Santa Teresa   ES,2023-12-28T00:00:00,2024-02-29T00:00:00,2024-02-29T00:00:00,Revogada,0.0
2024,2,Licitacao,Prefeitura Municipal de Santa Teresa,Pregao Eletronico,000001/2024,010371/2023,"Aquisicao de generos alimenticios pereciveis e nao pereciveis, destinados a atender as necessidades dos alunos da rede municipal de ensino do municipio de Santa Teresa/ES, conforme as diretrizes do Programa Nacional de Alimentacao Escolar (PNAE), necessidades da Secretaria Municipal de Assistencia Social e seus Programas vinculados: Centro de Referencia de Assistencia Social   CRAS, Centro de Referencia Especializado de Assistencia Social   CREAS, Servico de Convivencia e Fortalecimento de Vinculos   SCFV, Cadastro Unico, Programa Auxilio Brasil e Servico de Acolhimento Institucional para Criancas e Adolescentes  Manoel Valentim  e pacientes do Centro de Atencao Psicossocial   CAPS, pertencente a Secretaria Municipal de Saude,",2024-01-18T00:00:00,2024-02-02T00:00:00,2024-02-02T00:00:00,Concluida,176098.1
2024,3,Licitacao,Prefeitura Municipal de Santa Teresa,Pregao Eletronico,000007/2024,010150/2023,Contratacao de empresa para o fornecimento de materias de consumo e equipamentos para atender as necessidades da Subsecretaria Municipal de Defesa Civil,2024-03-05T00:00:00,2024-03-22T00:00:00,2024-03-22T00:00:00,Concluida,12299.99
2024,3,Licitacao,Prefeitura Municipal de Santa Teresa,Chamada Publica,000003/2023,010363/2023,"Aquisicao de generos alimenticios, Agricultura Familiar (Chamada Publica) destinados a alimentacao escolar, exercicio 2024.",2024-02-20T00:00:00,2024-03-08T00:00:00,2024-03-08T00:00:00,Concluida,269539.0
2024,3,Licitacao,Prefeitura Municipal de Santa Teresa,Pregao Eletronico,000006/2024,013985/2023,CONTRATACAO DE EMPRESA ESPECIALIZADA NA PRESTACAO DE SERVICOS DE RECARGA E MANUTENCAO DE EXTINTORES DE INCENDIO PARA ATENDER A FROTA DOS VEICULOS E DOS EDIFICIOS PERTENCENTES AO FUNDO MUNICIPAL DE SAUDE E DAS SECRETARIAS DO MUNICIPIO DE SANTA TERESA - ES,2024-02-28T00:00:00,2024-03-21T00:00:00,2024-03-21T00:00:00,Concluida,9900.0
2024,3,Licitacao,Prefeitura Municipal de Santa Teresa,Pregao Eletronico,000004/2024,014564/2023,"Contratacao de empresa para o fornecimento de materiais de consumo (Agua Mineral e Recargas de Gas Liquefeito de Petroleo P13 e P45), sob demanda, destinados a atender a necessidade das Secretarias Municipais e seus setores para o exercicio de 2024.",2024-02-19T00:00:00,2024-03-05T00:00:00,2024-03-05T00:00:00,Concluida,67230.0
2024,3,Licitacao,Prefeitura Municipal de Santa Teresa,Pregao Eletronico,000070/2023,012172/2023,"AQUISICAO DE KIT ENXOVAL, VISANDO ATENDER AS NECESSIDADES DA SECRETARIA MUNICIPAL DE ASSISTENCIA SOCIAL",2024-02-28T00:00:00,2024-03-13T00:00:00,2024-03-13T00:00:00,Concluida,20220.0
2024,3,Licitacao,Prefeitura Municipal de Santa Teresa,Concorrencia Eletronica,000002/2024,013503/2023,"CONTRATACAO DE EMPRESA ESPECIALIZADA PARA EXECUCAO DE OBRA, COM FORNECIMENTO DE MATERIAL, OBJETIVANDO A CONSTRUCAO DE PRACA SAUDAVEL E REVITALIZACAO DO CAMPO DE FUTEBOL EM SAO JOAO DE PETROPOLIS, SANTA TERESA - ES.",2024-02-23T00:00:00,2024-03-27T00:00:00,2024-03-27T00:00:00,Concluida,1381499.7813
2024,3,Licitacao,Prefeitura Municipal de Santa Teresa,Pregao Eletronico,000002/2024,010364/2023,AQUISICAO DE GENEROS ALIMENTICIOS (CARNES E EMBUTIDOS) DESTINADOS AS SECRETARIAS MUNICIPAIS DE ASSISTENCIA SOCIAL E EDUCACAO PARA O EXERCICIO 2024.,2024-01-23T00:00:00,2024-02-08T00:00:00,2024-03-12T00:00:00,Concluida,337401.09
2024,3,Licitacao,Prefeitura Municipal de Santa Teresa,Pregao Eletronico,000005/2024,013007/2023,"AQUISICAO DE 01 (UM) VEICULO DE PASSEIO, SEM ACESSIBILIDADE, ZERO KM, ANO 2023/2024, COM 01 (UM) ANO DE SEGURO, DESTINADO AO CENTRO DE REFERENCIA DE ASSISTENCIA SOCIAL - CRAS/SIGTV",2024-03-07T00:00:00,2024-03-22T00:00:00,2024-03-22T00:00:00,Concluida,101240.0
2024,3,Licitacao,Prefeitura Municipal de Santa Teresa,Pregao Eletronico,000003/2024,013618/2023,"Contratacao de empresa para execucao de servicos terceirizacao de parque grafico, incluindo reproducao de processos, documentos e impressoes, com disponibilizacao de equipamentos de impressao e reprografia, no maximo 02 (dois) anos de uso e que esteja em bom estado, visando atender as necessidades das Secretarias desta Municipalidade",2024-03-06T00:00:00,2024-03-13T00:00:00,2024-03-13T00:00:00,Concluida,203850.0
2024,4,Licitacao,Secretaria Municipal de Saude de Santa Teresa,Pregao Eletronico,000052/2023,008299/2023,AQUISICAO DE EQUIPAMENTOS PARA ESCRITORIO DESTINADOS A SECRETARIA MUNICIPAL DE SAUDE ATRAVES DAS EMENDAS PARLAMENTARES NºS 40970003 E 27730001,2023-09-28T00:00:00,2024-04-03T00:00:00,2024-04-03T00:00:00,Revogada,0.0
2024,4,Licitacao,Prefeitura Municipal de Santa Teresa,Concorrencia Eletronica,000003/2024,014122/2023,"Contratacao de empresa especializada para execucao de obra, com fornecimento de material, objetivando a execucao de obras de estabilizacao de encosta com contencao dos taludes, instalacao de um sistema de drenagem, pavimentacao e urbanizacao de morros, no municipio de Santa Teresa-ES.",2024-03-13T00:00:00,2024-04-22T00:00:00,2024-04-22T00:00:00,Concluida,4015691.1618
2024,4,Licitacao,Prefeitura Municipal de Santa Teresa,Concorrencia Eletronica,000006/2024,015172/2023,"CONTRATACAO DE EMPRESA ESPECIALIZADA EM EXECUCAO DE OBRA, COM FORNECIMENTO DE MATERIAL, OBJETIVANDO A CONSTRUCAO DE BRINQUEDOPRACAS E AQUISICAO DE BRINQUEDOS, NO BAIRRO JARDIM DA MONTANHA EM SANTA TERESA-ES.",2024-04-12T00:00:00,2024-04-30T00:00:00,2024-04-30T00:00:00,Concluida,446365.6577
2024,4,Licitacao,Prefeitura Municipal de Santa Teresa,Pregao Eletronico,000009/2024,000547/2024,"AQUISICAO DE MARMITEX E REFEICOES DESTINADAS AS SECRETARIAS MUNICIPAIS DE SAUDE, EDUCACAO, TURISMO E CULTURA, ESPORTE E LAZER, AGRICULTURA E OBRAS E INFRAESTRUTURA.",2024-03-19T00:00:00,2024-04-01T00:00:00,2024-04-01T00:00:00,Concluida,206770.8
2024,4,Licitacao,Prefeitura Municipal de Santa Teresa,Concorrencia Eletronica,000005/2024,015226/2023,"Contratacao de empresa especializada para execucao de obra, com fornecimento de material, objetivando a execucao de obras de drenagem e pavimentacao asfaltica em diversas ruas no Municipio de Santa Teresa, com extensao total de 2,25 km de via",2024-04-11T00:00:00,2024-04-23T00:00:00,2024-04-23T00:00:00,Concluida,2917797.1452
2024,4,Licitacao,Prefeitura Municipal de Santa Teresa,Concorrencia Eletronica,000004/2024,014847/2023,"CONTRATACAO DE EMPRESA ESPECIALIZADA PARA EXECUCAO DE OBRA, COM FORNECIMENTO DE MATERIAL, OBJETIVANDO A OBRA DE ESTABILIZACAO DE ENCOSTA COM CONTENCAO EM SOLO GRAMPEADO E SISTEMA DE DRENAGEMNA RUA PRIMEIRO CENTENARIO, BAIRRO ALVORADA, NO MUNICIPIO DE SANTA TERESA-ES",2024-03-07T00:00:00,2024-04-30T00:00:00,2024-04-30T00:00:00,Concluida,1199953.1203
2024,4,Licitacao,Prefeitura Municipal de Santa Teresa,Pregao Eletronico,000012/2024,014954/2023,"Registro de Precos para contratacao de Empresa para prestacao de servicos de afericao e manutencao de tacografos, destinados aos veiculos pertencentes a Secretaria Municipal de Educacao, que atendem ao transporte escolar, com fornecimento de pecas de reposicao se necessario, atendendo aos requisitos tecnicos minimos exigidos do registrador instantaneo e inalteravel de velocidade e tempo, conforme o Codigo de Transito Brasileiro, e conforme dispoe a Resolucao n.º 92/99, do CONTRAN.",2024-04-29T00:00:00,2024-04-30T00:00:00,2024-04-30T00:00:00,Deserta,0.0
2024,5,Licitacao,Prefeitura Municipal de Santa Teresa,Pregao Eletronico,000014/2024,000577/2024,CONTRATACAO DE EMPRESA ESPECIALIZADA NA LOCACAO DE MESAS E CADEIRAS EM PVC.,2024-04-19T00:00:00,2024-05-09T00:00:00,2024-05-09T00:00:00,Concluida,61230.0
2024,5,Licitacao,Prefeitura Municipal de Santa Teresa,Concorrencia Eletronica,000008/2024,000310/2024,"Contratacao de empresa especializada para execucao de obras, com fornecimento de material, mao de obra e equipamentos objetivando obra de Contencao de Solo Grampeado, Reforma e Ampliacao da EMEI Pessanha Povoa",2024-04-19T00:00:00,2024-05-10T00:00:00,2024-05-10T00:00:00,Concluida,1855465.3243
2024,5,Licitacao,Prefeitura Municipal de Santa Teresa,Pregao Eletronico,000022/2024,013285/2023,"Contratacao de empresa especializada em prestacao de servicos de Seguro Total para assegurar os veiculos oficiais da Prefeitura Municipal de Santa Teresa, com cobertura contra danos materiais resultantes de sinistros, roubo ou furto, colisao, incendio, danos causados pela natureza, assistencia 24 horas, pelo periodo e 01 (um) ano.",2024-05-02T00:00:00,2024-05-09T00:00:00,2024-05-09T00:00:00,Concluida,11000.0
2024,5,Licitacao,Prefeitura Municipal de Santa Teresa,Pregao Eletronico,000015/2024,000749/2024,"Contratacao de empresa para o fornecimento de tubos de concretos (Manilhas), sob demanda, destinados a atender as necessidades da Secretaria Municipal De Obras e Infraestrutura para o exercicio de 2024",2024-04-24T00:00:00,2024-05-15T00:00:00,2024-05-15T00:00:00,Concluida,316050.0
2024,5,Licitacao,Prefeitura Municipal de Santa Teresa,Chamada Publica,000001/2024,014561/2023,Chamamento Publico - Cessao de um secador de cafe de 120 sacas e um descascador conjugado,2024-04-08T00:00:00,2024-05-16T00:00:00,2024-05-16T00:00:00,Concluida,0.002
2024,5,Licitacao,Prefeitura Municipal de Santa Teresa,Concorrencia Eletronica,000007/2024,002097/2024,"CONTRATACAO DE EMPRESA ESPECIALIZADA PARA EXECUCAO DE OBRA, COM FORNECIMENTO DE MATERIAL, OBJETIVANDO DRENAGEM E PAVIMENTACAO EM BLOCOS PRE-MOLDADOS NAS RUAS CONILON, ABACATE E JEQUITIBA   SANTO ANTONIO DO CANAA, SANTA TERESA-ES",2024-04-15T00:00:00,2024-05-16T00:00:00,2024-05-16T00:00:00,Concluida,671067.7833
2024,5,Licitacao,Prefeitura Municipal de Santa Teresa,Concorrencia Eletronica,000011/2024,002891/2024,"Contratacao de empresa especializada, com fornecimento de material, equipamentos e mao de obra objetivando a conlcusao da Obra de Pavimentacao em Blocos Pre-moldados em ruas, no bairro Vila Nova, Santa Teresa-ES, em atendimento a Secretaria Municipal de Obras e Infraestrutura",2024-04-29T00:00:00,2024-05-10T00:00:00,2024-05-10T00:00:00,Concluida,53399.12
2024,5,Licitacao,Prefeitura Municipal de Santa Teresa,Pregao Eletronico,000018/2024,002284/2024,REGISTRO DE PRECOS PARA CONTRATACAO DE EMPRESA ESPECIALIZADA EM FONECIMENTO DE LANCHES DESTINADOS A ATENDER AS NECESSIDADES DAS SECRETARIAS MUNICIPAIS PARA O EXERCICIO DE 2024,2024-04-22T00:00:00,2024-05-08T00:00:00,2024-05-08T00:00:00,Concluida,38296.0
2024,5,Licitacao,Prefeitura Municipal de Santa Teresa,Pregao Eletronico,000010/2024,001150/2024,"Contratacao de empresa para confeccao e instalacao de TERMOMETRO AMBIENTE ARTESANAL COMPLETO C/ RELOGIO, incluso manutencao, exclusivo para areas publi-cas. Projetado em madeira nobre (garapeira/pequi/itauba) com certificado de origem, resistente, duravel e proprio para ambientes externos, conforme condicoes e exigencias estabelecidas neste instrumen-to",2024-05-20T00:00:00,2024-05-24T00:00:00,2024-05-24T00:00:00,Fracassada,0.0
2024,5,Licitacao,Prefeitura Municipal de Santa Teresa,Concorrencia Eletronica,000009/2024,011105/2023,"Contratacao de empresa especializada para execucao de obra, com fornecimento de material, objetivando REVITALIZACAO DA CENTRAL DE RESIDUOS SOLIDOS DE SANTA TERESA - ES, contemplando uma area de 467,00 m² de galpao e demais area para trafego de veiculos leves e pesados",2024-04-10T00:00:00,2024-05-03T00:00:00,2024-05-03T00:00:00,Concluida,894500.0
2024,6,Licitacao,Secretaria Municipal de Saude de Santa Teresa,Concorrencia Eletronica,000010/2024,002435/2024,CONTRATACAO DE EMPRESA ESPECIALIZADA EM EXECUCAO DE OBRA DE REFORMA DE UNIDADE DE SAUDE DA FAMILIA DE SAO LOURENCO E INTERVENCOES EXTERNAS NO MUNICIPIO DE SANTA TERESA-ES.,2024-05-02T00:00:00,2024-06-27T00:00:00,2024-06-27T00:00:00,Concluida,1024867.5938
2024,6,Licitacao,Secretaria Municipal de Saude de Santa Teresa,Pregao Eletronico,000013/2024,008299/2023,"CONTRATACAO DE EMPRESA PARA O FORNECIMENTO DE MOBILIARIOS, DESTINADOS A ATENDER AS NECESSIDADES DA SECRETARIA MUNICIPAL DE SAUDE EM ATENDIMENTO AS EMENDAS PARLAMENTARES N° 40970003 E 27730001",2024-05-09T00:00:00,2024-06-19T00:00:00,2024-06-19T00:00:00,Concluida,20140.0
2024,6,Licitacao,Prefeitura Municipal de Santa Teresa,Pregao Eletronico,000019/2024,001176/2024,AQUISICAO DE GENEROS ALIMENTICIOS (SECOS) PARA O EXERCICIO DE 2024 PARA AS SECRETARIAS MUNICIPAIS DE ASSISTENCIA SOCIAL E EDUCACAO,2024-05-15T00:00:00,2024-06-03T00:00:00,2024-06-03T00:00:00,Concluida,43019.7
2024,6,Licitacao,Prefeitura Municipal de Santa Teresa,Concorrencia Eletronica,000012/2024,001157/2024,"Contratacao de empresa especializada para construcao da Central de Beneficios, com fornecimento de material e mao de obra, no Municipio de Santa Teresa-ES",2024-05-07T00:00:00,2024-06-17T00:00:00,2024-06-17T00:00:00,Concluida,639989.8669
2024,6,Licitacao,Prefeitura Municipal de Santa Teresa,Pregao Eletronico,000008/2024,015295/2023,"Contratacao de empresa para aquisicao de uma van com 16 lugares (15+1 motorista) na cor branca, com acessibilidade, zero km, de fabricacao 2023 ou superior, visando atender as necessidades da Associacao Pestalozzi de Santa Teresa, por meio da Secretaria Municipal de Assistencia Social",2024-04-30T00:00:00,2024-05-24T00:00:00,2024-06-13T00:00:00,Concluida,289900.0
2024,6,Licitacao,Prefeitura Municipal de Santa Teresa,Pregao Eletronico,000023/2024,000703/2024,"Registro de precos para Contratacao de empresa especializada na locacao de equipamentos de sonorizacao, iluminacao e outros equipamentos, com fornecimento de mao de obra, indispensaveis a realizacao dos eventos realizados e/ou apoiados pela administracao publica",2024-05-13T00:00:00,2024-06-03T00:00:00,2024-06-03T00:00:00,Concluida,385447.92
2024,6,Licitacao,Prefeitura Municipal de Santa Teresa,Pregao Eletronico,000027/2024,004371/2024,"CONTRATACAO DE EMPRESA ESPECIALIZADA EM FORMALIZACAO DE REGISTRO DE PRECO COM VISTA A FUTURA E EVENTUAL CONTRATACAO DE EMPRESA ESPECIALIZADA EM CONSTRUCAO CIVIL, QUE SOB DEMANDA, DEVERA EXECUTAR OBRAS DE REFORMA, AMPLIACAO, OU MODIFICACOES EM EDIFICACOES COM FORNECIMENTO DE MATERIAIS, MAO DE OBRA E EQUIPAMENTOS, POR TIPO MAIOR PERCENTUAL DESCONTO, SOBRE A TABELA DER-ES (SEM DESONERACAO), ACRESCIDO DO BDI, PARA ATENDER AS DEMANDAS DO MUNICIPIO DE SANTA TERESA  ES",2024-05-07T00:00:00,2024-06-07T00:00:00,2024-06-07T00:00:00,Anulada,0.0
2024,6,Licitacao,Prefeitura Municipal de Santa Teresa,Pregao Eletronico,000017/2024,001723/2024,"Aquisicao de Motocicleta 160 cilindradas, um notebook e televisor 50 polegadas para atendimento ao Programa de incentivo a emissao de notas fiscais Nota Premiada 2024 - Lei N°2.843/2022 / Decreto N°450/2022 / Decreto N°18/2024",2024-05-13T00:00:00,2024-06-03T00:00:00,2024-06-03T00:00:00,Concluida,4613.0
2024,6,Licitacao,Prefeitura Municipal de Santa Teresa,Pregao Eletronico,000025/2024,003258/2024,"Contratacao de empresa para o fornecimento de materiais de consumo (Agua Mineral e Recargas de Gas Liquefeito de Petroleo P13), sob demanda, destinados a atender as necessidades das Secretarias Municipais e seus setores para o exercicio de 2024",2024-05-08T00:00:00,2024-06-04T00:00:00,2024-06-04T00:00:00,Concluida,39031.44
2024,6,Licitacao,Prefeitura Municipal de Santa Teresa,Pregao Eletronico,000016/2024,001784/2024,"Formalizacao de Registro de Preco para futura e eventual Contratacao de Empresa especializada na elaboracao de projetos e estudos de engenharia e documentos complementares atendendo as necessidades da prefeitura municipal de Santa Teresa-ES, por maior percentual de desconto por lote na Tabela referencial de precos de Projeto e na Tabela referencial de precos de Consultoria e do departamento de edificacoes e de rodovias do Espirito Santo - DER-ES (sem desoneracao), de acordo com as demandas do Municipio de Santa Teresa   ES, conforme especificacoes estabelecidas",2024-05-28T00:00:00,2024-06-13T00:00:00,2024-06-13T00:00:00,Anulada,0.0
2024,6,Licitacao,Prefeitura Municipal de Santa Teresa,Pregao Eletronico,000021/2024,003374/2024,"Registro de Precos para contratacao de empresa especializada para prestacao de servicos para locacao de banheiros, com fornecimento de mao de obra e todos os materiais necessarios, indispensa-veis nos eventos realizados e/ou apoiados pela Secretaria Municipal de Turismo e Cultura",2024-05-15T00:00:00,2024-06-05T00:00:00,2024-06-05T00:00:00,Concluida,63675.0
2024,6,Licitacao,Prefeitura Municipal de Santa Teresa,Pregao Eletronico,000029/2024,014954/2023,"Registro de Precos para contratacao de Empresa especializada para prestacao de servicos de afericao (incluso selagem e ensaio), manutencao de tacografos e emissao de certificado de verificacao, valido por 02 (dois) anos, visando atender os veiculos pertencentes a esta Secretaria, que atendem ao transporte escolar, com fornecimento de pecas de reposicao se necessario, atendendo aos requisitos tecnicos minimos exigidos do registrador instantaneo e inalteravel de velocidade e tempo, conforme o Codigo de Transito Brasileiro, e conforme dispoe a Resolucao n.º 92/99, do CONTRAN, referentes ao exercicio 2024 e 2025,,",2024-05-22T00:00:00,2024-06-21T00:00:00,2024-06-21T00:00:00,Concluida,47000.75
2024,6,Licitacao,Prefeitura Municipal de Santa Teresa,Pregao Eletronico,000026/2024,000827/2024,"AQUISICAO DE VEICULO DE PASSEIO SEM ACESSIBILIDADE, 0 KM, VISANDO ATENDER AS NECESSIDADES DA ASSOCIACAO PESTALOZZI DE SANTA TERESA.",2024-05-17T00:00:00,2024-06-03T00:00:00,2024-06-03T00:00:00,Concluida,101240.0
2024,6,Licitacao,Prefeitura Municipal de Santa Teresa,Pregao Eletronico,000024/2024,009825/2023,AQUISICAO DE PNEUS NOVOS DESTINADOS AS SECRETARIAS MUNICIPAIS.,2024-05-14T00:00:00,2024-06-03T00:00:00,2024-06-03T00:00:00,Fracassada,0.0
2024,7,Licitacao,Secretaria Municipal de Saude de Santa Teresa,Pregao Eletronico,000028/2024,009889/2023,AQUISICAO DE EQUIPAMENTOS DE INFORMATICA EM ATENDIMENTO DE EMENDA PARLAMENTAR DESTINADO A SECRETARIA MUNICIAPAL DE SAUDE,2024-05-20T00:00:00,2024-07-16T00:00:00,2024-07-16T00:00:00,Concluida,40989.94
2024,7,Licitacao,Secretaria Municipal de Saude de Santa Teresa,Pregao Eletronico,000032/2024,003993/2024,"Contratacao de empresa para fornecimento de materialde consumo medico hospitalar (cateter urinario) para atender a demanda da paciente Ozilia da Penha Vulpi Rassele, Decisao do Tribunal e Justica do Espirito Santo",2024-06-27T00:00:00,2024-07-02T00:00:00,2024-07-02T00:00:00,Deserta,0.0
2024,7,Licitacao,Prefeitura Municipal de Santa Teresa,Concorrencia Eletronica,000017/2024,002318/2024,"Contratacao de empresa especializada para execucao de servicos de suporte tecnico para utilizacao das ferramentas que tem por finalidade auxilio a fiscalizacao municipal, dos tributos de sua competencia",2024-07-11T00:00:00,2024-07-05T00:00:00,2024-07-05T00:00:00,Anulada,0.0
2024,7,Licitacao,Prefeitura Municipal de Santa Teresa,Pregao Eletronico,000034/2024,002420/2024,"Aquisicao de equipamentos recreativos para atender as Unidades de Ensino: EMEIEF ""Professor Hausler"" e EMEF ""Visconde de Inhauma"", que fazem parte do Programa Capixaba de Fomento a Implementacao de escolas municipais de Ensino Fundamental em Tempo Integral - PROETI",2024-07-22T00:00:00,2024-07-11T00:00:00,2024-07-11T00:00:00,Anulada,0.0
2024,7,Licitacao,Prefeitura Municipal de Santa Teresa,Pregao Eletronico,000035/2024,004096/2024,"Contratacao de empresa para o fornecimento de materiais descartaveis, destinados a atender as necessidade das Secretarias Municipais e seus setores durante o exercicio 2024.",2024-07-09T00:00:00,2024-07-23T00:00:00,2024-07-23T00:00:00,Concluida,37398.09
2024,7,Licitacao,Prefeitura Municipal de Santa Teresa,Pregao Eletronico,000036/2024,004225/2024,"Contratacao de empresa para o fornecimento de materiais de limpeza, copa, cozinha e higiene pessoal, destinados a atender as necessidades das Secretarias Municipais e seus setores",2024-07-12T00:00:00,2024-07-26T00:00:00,2024-07-26T00:00:00,Concluida,370489.39
2024,7,Licitacao,Prefeitura Municipal de Santa Teresa,Pregao Eletronico,000020/2024,007498/2023,"Contratacao de empresa para fornecimento de Equipamentos de Protecao Individual   EPI para o ano de 2024, destinado a atender os Servidores Publicos da Prefeitura Municipal de Santa Teresa   ES e do Fundo Municipal de Saude de Santa Teresa,",2024-05-23T00:00:00,2024-07-25T00:00:00,2024-07-25T00:00:00,Concluida,104813.59
2024,7,Licitacao,Prefeitura Municipal de Santa Teresa,Concorrencia Eletronica,000015/2024,004852/2024,"Contratacao de empresa especializada em construcao civil, com fornecimento de material, equipamentos e mao de obra para execucao de obras de pavimentacao e drenagem de rua localizada em Sao Joao de Petropolis",2024-05-17T00:00:00,2024-07-03T00:00:00,2024-07-03T00:00:00,Concluida,180520.34
2024,7,Licitacao,Prefeitura Municipal de Santa Teresa,Concorrencia Eletronica,000018/2024,004463/2024,Contratacao de empresa especializada para revitalizacao de pracas e calcadas no centro do municipio de Santa Teresa-ES - Rua Angelo Pretti e Rua Coronel Bonfim Junior (Rua do Lazer),2024-06-12T00:00:00,2024-07-03T00:00:00,2024-07-03T00:00:00,Concluida,619239.2762
2024,7,Licitacao,Prefeitura Municipal de Santa Teresa,Concorrencia Eletronica,000021/2024,014847/2023,"CONTRATACAO DE EMPRESA ESPECIALIZADA PARA EXECUCAO DE OBRA, COM FORNECIMENTO DE MATERIAL, OBJETIVANDO A OBRA DE ESTABILIZACAO DE ENCOSTA COM CONTENCAO EM SOLO GRAMPEADO E SISTEMA DE DRENAGEM NA RUA PRIMEIRO CENTENARIO, BAIRRO ALVORADA, NO MUNICIPIO DE SANTA TERESA-ES",2024-06-21T00:00:00,2024-07-03T00:00:00,2024-07-03T00:00:00,Concluida,1369487.5681
2024,7,Licitacao,Prefeitura Municipal de Santa Teresa,Pregao Eletronico,000030/2024,003879/2024,"CONTRATACAO DE EMPRESA PARA O FORNECIMENTO DE MATERIAIS DE CONSUMO (ACUCAR CRISTAL, ACUCAR REFINADO E CAFE TORRADO E MOIDO), SOB DEMANDA, DESTINADOS A ATENDER A NECESSIDADE DAS SECRETARIAS MUNICIPAIS E SEUS SETORES.",2024-06-14T00:00:00,2024-07-19T00:00:00,2024-07-19T00:00:00,Concluida,99176.44
2024,7,Licitacao,Prefeitura Municipal de Santa Teresa,Concorrencia Eletronica,000013/2024,003922/2024,"CONTRATACAO EMPRESA PARA FINALIZACAO DE PRACA E EXECUCAO DE OBRAS DE DRENAGEM NA VILA COLIBRI, DISTRITO DE SANTO ANTONIO DO CANAA, SANTA TERESA-ES",2024-05-22T00:00:00,2024-07-09T00:00:00,2024-07-09T00:00:00,Concluida,260699.999
2024,7,Licitacao,Prefeitura Municipal de Santa Teresa,Concorrencia Eletronica,000020/2024,005621/2024,"Contratacao de empresa especializada, com fornecimento de material, equipamentos e mao de obra para obra de Construcao de espaco destinada aos encontros do Grupo de Convivencia da Pessoa Idosa de Tabocas - Servico de Convivencia e Fortalecimento de Vinculos em atendimento a Secretaria Municipal de Assistencia Social (SMAS)",2024-07-03T00:00:00,2024-07-17T00:00:00,2024-07-17T00:00:00,Concluida,257499.4274
2024,7,Licitacao,Prefeitura Municipal de Santa Teresa,Pregao Eletronico,000033/2024,004146/2024,"Contratacao de empresa para aquisicao de um tanque agricola com capacidade de 4.000 litros com sistema de operacao a vacuo para atender as demandas do Municipio de Santa Teresa/ES, atraves da Secretaria Municipal de Obras e Infraestrutura.",2024-06-18T00:00:00,2024-07-02T00:00:00,2024-07-02T00:00:00,Concluida,35666.66
2024,8,Licitacao,Prefeitura Municipal de Santa Teresa,Credenciamento,000001/2024,008740/2023,"Credenciamento de empresas para a prestacao de servicos especializados relativos a aquisicao, gerenciamento, implementacao, administracao e disponibilizacao de creditos eletronicos (Ticket Alimentacao) aos servidores da Prefeitura Municipal de Santa Teresa.",2024-04-22T00:00:00,2024-08-02T00:00:00,2024-08-02T00:00:00,Cancelada,0.0
2024,8,Licitacao,Prefeitura Municipal de Santa Teresa,Pregao Eletronico,000037/2024,004908/2024,CONTRATACAO DE EMPRESA PARA AQUISICAO DE ARMARIOS DE ACO PARA ATENDER AS DEMANDAS DA SECRETARIA MUNICIPAL DE ASSISTENCIA SOCIAL,2024-07-26T00:00:00,2024-08-06T00:00:00,2024-08-06T00:00:00,Concluida,12395.0
2024,8,Licitacao,Prefeitura Municipal de Santa Teresa,Pregao Eletronico,000039/2024,002420/2024,"Aquisicao de equipamentos recreativos para atender as Unidades de Ensino: EMEIEF ""Professor Hausler"" e EMEF ""Visconde de Inhauma"", que fazem parte do Programa Capixaba de Fomento a Implementacao de escolas municipais de Ensino Fundamental em Tempo Integral - PROETI",2024-07-24T00:00:00,2024-08-08T00:00:00,2024-08-08T00:00:00,Concluida,186188.14
2024,8,Licitacao,Prefeitura Municipal de Santa Teresa,Concorrencia Eletronica,000019/2024,004558/2024,"CONTRATACAO DE EMPRESA NA EXECUCAO DA OBRAS DE DRENAGEM E PAVIMENTACAO ASFALTICA DA RUA VICENTE DA COSTA, BAIRRO VILA NOVA , MUNICIPIO DE SANTA TERESA -ES.",2024-06-18T00:00:00,2024-08-29T00:00:00,2024-08-29T00:00:00,Concluida,741687.9751
2024,8,Licitacao,Prefeitura Municipal de Santa Teresa,Concorrencia Eletronica,000022/2024,005854/2024,"Contratacao de empresa especializada para execucao de obras, com fornecimento de material, equipamentos e mao de obra para obra objetivando a reforma e ampliacao da EMEF ""Visconde de Inhauma"",  localizada na Rua 25 de Marco, 186, Santo Antonio do Canaa, Santa Teresa - ES, em atendimento a Secretaria Municipal de Educacao",2024-07-12T00:00:00,2024-08-01T00:00:00,2024-08-01T00:00:00,Concluida,574871.9132
2024,9,Licitacao,Prefeitura Municipal de Santa Teresa,Pregao Eletronico,000045/2024,006594/2024,"Contratacao de empresa especializada no fornecimento e instalacao de aparelhos de ar condicionado, destinados a atender as necessidades do Museu de Imigracao Italiana",2024-09-19T00:00:00,2024-09-27T00:00:00,2024-09-27T00:00:00,Concluida,47000.0
2024,9,Licitacao,Prefeitura Municipal de Santa Teresa,Concorrencia Eletronica,000023/2024,005688/2024,"Contratacao de empresa especializada, com fornecimento de material, equipamentos e mao de obra para obra de construcao do Centro de Referencia de Assistencia Social - CRAS em Santa Teresa-ES",2024-08-22T00:00:00,2024-09-23T00:00:00,2024-09-23T00:00:00,Concluida,1791999.9352
2024,9,Licitacao,Prefeitura Municipal de Santa Teresa,Pregao Eletronico,000041/2024,009825/2023,AQUISICAO DE PNEUS NOVOS DESTINADOS A ATENDER AS NECESSIDADES DAS SECRETARIAS MUNICIPAIS E SEUS SETORES.,2024-08-21T00:00:00,2024-09-24T00:00:00,2024-09-24T00:00:00,Anulada,0.0
2024,9,Licitacao,Prefeitura Municipal de Santa Teresa,Pregao Eletronico,000043/2024,004497/2024,"CONTRATACAO DE EMPRESA PARA FORNECIMENTO DE TROFEUS, MEDALHAS E PLACAS DE HOMENAGEM PARA ATENDER A DEMANDA DA SECRETARIA MUNICIPAL DE ESPORTE E LAZER DA PREFEITURA MUNICIPAL DE SANTA TERESA - ES",2024-08-26T00:00:00,2024-09-05T00:00:00,2024-09-05T00:00:00,Concluida,35200.0
2024,9,Licitacao,Prefeitura Municipal de Santa Teresa,Pregao Eletronico,000040/2024,005216/2024,AQUISICAO DE VEICULO AEREO NAO TRIPULADO (DRONE) PARA ATENDER A SOLICITACAO DA SECRETARIA MUNICIPAL DE AGRICULTURA E DESENVOLVIMENTO ECONOMICO.,2024-08-13T00:00:00,2024-09-09T00:00:00,2024-09-09T00:00:00,Concluida,8250.0
2024,9,Licitacao,Prefeitura Municipal de Santa Teresa,Concorrencia Eletronica,000014/2024,003921/2024,"Contratacao de empresa especializada para execucao de obra de Construcao da praca e revitalizacao da quadra de lazer, na Rua das Begonias, bairro Jardim da Montanha, Santa Teresa-ES",2024-05-23T00:00:00,2024-09-04T00:00:00,2024-09-04T00:00:00,Revogada,0.0
2024,10,Licitacao,Prefeitura Municipal de Santa Teresa,Pregao Eletronico,000050/2024,009825/2023,"Contratacao de empresa para fornecimento de pneus, destinados a atender as necessidades das Secretarias Municipais e seus setores",2024-10-11T00:00:00,2024-10-29T00:00:00,2024-10-29T00:00:00,Concluida,135477.2
2024,10,Licitacao,Prefeitura Municipal de Santa Teresa,Concorrencia Eletronica,000025/2024,009401/2024,"Contratacao de empresa especializada em servicos comuns de engenharia para execucao de assentamento de blocos de concreto, intertravados tipo holandes, meios fios e drenagem pluvial para pavimentacoes rurais, em lotes, com fornecimento de mao de obra qualificada, insumos, equipamentos/maquinas e ferramentas, com excecao dos blocos e meios fios",2024-09-24T00:00:00,2024-10-16T00:00:00,2024-10-16T00:00:00,Concluida,1147999.9788
2024,10,Licitacao,Prefeitura Municipal de Santa Teresa,Pregao Eletronico,000047/2024,005792/2024,"Contratacao de empresa para aquisicao de veiculo utilitario (2024/2025), zero quilometro, com 05 (cinco) portas e 05 (cinco) lugares, motorizacao 1.0 turbo, motor Flex (alcool e gasolina), central multimidia, cambio manual de 05 (cinco) marchas a frente e 01 (uma) marcha re  e com 01 (um) ano de seguro, visando atender as necessidades da Secretaria Municipal de Assistencia Social (CRAS).",2024-09-30T00:00:00,2024-10-22T00:00:00,2024-10-22T00:00:00,Concluida,101000.0
2024,10,Licitacao,Prefeitura Municipal de Santa Teresa,Concorrencia Eletronica,000026/2024,009813/2024,"Contratacao de empresa especializada, com fornecimento de materiais, equipamentos, mao de obra para pavimentacao em blocos de concreto na Rua Nestor dos Santos Neves, Bairro Centenario, Santa Teresa - ES",2024-10-08T00:00:00,2024-10-24T00:00:00,2024-10-24T00:00:00,Concluida,149079.5142
2024,10,Licitacao,Prefeitura Municipal de Santa Teresa,Pregao Eletronico,000044/2024,003320/2024,"Contratacao de empresa especializada para o fornecimento de itens de material eletrico, sob demanda, destinados a atender as necessidades das seguintes secretarias: Secretaria Municipal de Obras e Infraestrutura, Secretaria Municipal de Transporte, Secretaria Municipal de Turismo e Cultura, Secretaria Municipal de Esporte e Lazer, Secretaria Municipal de Agricultura e Desenvolvimento Economico, Secretaria Municipal de Educacao, Secretaria da Fazenda, Secretaria de Administracao e Recursos Humanos e Secretaria Municipal do Meio Ambiente para o exercicio de 2024",2024-09-17T00:00:00,2024-10-01T00:00:00,2024-10-09T00:00:00,Concluida,40559.15
2024,10,Licitacao,Prefeitura Municipal de Santa Teresa,Concorrencia Eletronica,000024/2024,006294/2024,"Contratacao de empresa especializada para execucao  de obras, com fornecimento de material, mao de obra e equipamentos, objetivando a reforma e ampliacao da EMEIEF ""Sebastiao Jose Pivetta"",  localizada no Distrito de Alto Santa Maria, Varzea Alegre, Santa Teresa-ES",2024-08-01T00:00:00,2024-10-17T00:00:00,2024-10-17T00:00:00,Revogada,0.0
2024,10,Licitacao,Prefeitura Municipal de Santa Teresa,Pregao Eletronico,000031/2024,000829/2024,"contratacao de empresa especializada para fornecimento e instalacao de kit para sistemas de microgeracao e minigeracao de energia Eletrica fotovoltaica a partir de fonte primaria solar na modalidade (On-Grid), com placas instaladas no telhado, contemplando a elaboracao do projeto executivo, a aprovacao deste junto a concessionaria de energia, o fornecimento, montagem, comissionamento e ativacao de todos os equipamentos e materiais, a efetivacao do acesso junto a concessionaria de energia, software de monitoramento de desempenho remoto via web, treinamento e suporte tecnico e operacao e manutencao do sistema, a ser instalado na EMEF Professor Ethevaldo Damazio.",2024-08-23T00:00:00,2024-09-27T00:00:00,2024-10-08T00:00:00,Concluida,190000.0
2024,11,Licitacao,Secretaria Municipal de Saude de Santa Teresa,Pregao Eletronico,000046/2024,004140/2024,"Contratacao de empresa para aquisicao de 06  (seis) veiculos de passeio, 02 (duas) ambulancias e 01 (uma)  caminhonete pick-up, novos (zero quilometro), ano e modelo vigente, com 01 (um) ano de seguro e emplacados, visando atender as necessidades do setor de Transporte Sanitario de Santa Teresa, por meio da Secretaria Municipal de Saude.",2024-09-23T00:00:00,2024-11-14T00:00:00,2024-11-14T00:00:00,Concluida,1465900.0
2024,11,Licitacao,Secretaria Municipal de Saude de Santa Teresa,Pregao Eletronico,000038/2024,003054/2024,"Contratacao de empresa para o fornecimento de mobiliarios, materiais de in-formatica, equipamentos medico-hospitalar, odontologico (materiais permanentes) para uso em Unidades Basicas de Saude, destinados a atender as necessidades da Secretaria Municipal de Saude em atendimento a Proposta Parlamentar n°14491945000123005",2024-08-06T00:00:00,2024-11-12T00:00:00,2024-11-12T00:00:00,Concluida,849601.42
2024,11,Licitacao,Prefeitura Municipal de Santa Teresa,Pregao Eletronico,000048/2024,004226/2024,"Contratacao de empresa para o fornecimento de materiais graficos, destinados a atender as demandas das Secretarias Municipais e seus setores",2024-10-17T00:00:00,2024-11-05T00:00:00,2024-11-05T00:00:00,Concluida,23419.7
2024,11,Licitacao,Prefeitura Municipal de Santa Teresa,Pregao Eletronico,000049/2024,004148/2024,"Contratacao de empresa para o fornecimento de materiais de expediente/papelaria, destinados a atender as necessidades das Secretarias desta Municipalidade",2024-10-10T00:00:00,2024-11-18T00:00:00,2024-11-18T00:00:00,Concluida,216522.54
2024,12,Licitacao,Prefeitura Municipal de Santa Teresa,Pregao Eletronico,000055/2024,010560/2024,"Contratacao de empresa especializada para a prestacao de servicos de solucao de Telefonia VOIP (Voz sobre Protocolo de Internet) em nuvem, do tipo PABX Virtual, com comodatos de aparelhos e ramais IP, incluindo configuracao, treinamento e o suporte tecnico, e o Plano de Telefonia VOIP, destinados a atender as necessidades das Secretarias Municipais e seus setores",2024-11-14T00:00:00,2024-12-04T00:00:00,2024-12-04T00:00:00,Concluida,13989.91
2024,12,Licitacao,Prefeitura Municipal de Santa Teresa,Pregao Eletronico,000042/2024,006241/2024,Aquisicao de Motocicleta 160 cilindradas para atendimento ao Programa de incentivo a emissao de notas fiscais Nota Premiada 2024 - Lei N°2843/2022 / Decreto N°450/2022 / Decreto N°18/2024,2024-09-24T00:00:00,2024-10-08T00:00:00,2024-12-10T00:00:00,Anulada,23777.0
2024,12,Licitacao,Prefeitura Municipal de Santa Teresa,Pregao Eletronico,000052/2024,010915/2024,REGISTRO DE PRECOS PARA CONTRATACAO DE EMPRESA ESPECIALIZADA PARA O FORNECIMENTO DE MADEIRAS DESTINADAS A ATENDER AS NECESSIDADES DAS SECRETARIAS MUNICIPAIS DE OBRAS E INFRAESTRUTURA E EDUCACAO.,2024-11-18T00:00:00,2024-12-11T00:00:00,2024-12-11T00:00:00,Concluida,13098.0
2024,12,Licitacao,Prefeitura Municipal de Santa Teresa,Pregao Eletronico,000053/2024,011106/2024,"REGISTRO DE PRECOS PARA CONTRATACAO DE EMPRESA ESPECIALIZADA PARA O FORNECIMENTO DE FERRAMENTAS DESTINADAS A ATENDER AS NECESSIDADES DAS SECRETARIAS MUNICIPAIS DE OBRAS E INFRAESTRUTURA, ESPORTE E LAZER E TURISMO E CULTURA.",2024-11-28T00:00:00,2024-12-19T00:00:00,2024-12-19T00:00:00,Concluida,10500.0
2024,12,Licitacao,Prefeitura Municipal de Santa Teresa,Concorrencia Eletronica,000027/2024,006739/2024,"Contratacao de empresa especializada para execucao de obra, com fornecimento de material, objetivando a execucao de obra de drenagem, contencao de taludes, pavimentacao e urbanizacao na Rua Bela Vista, conhecida como Morro do Laurito, no Bairro Villa Nova, Santa Teresa - ES",2024-10-25T00:00:00,2024-12-20T00:00:00,2024-12-20T00:00:00,Concluida,914773.4274
2024,12,Licitacao,Prefeitura Municipal de Santa Teresa,Pregao Eletronico,000011/2024,013225/2023,"AQUISICAO DE SISTEMA DE EXTENSAO PARA VIDEO MONITORAMENTO INTERLIGADO AO CERCO INTELIGENTE DE SEGURANCA DO ESTADO DO ESPIRITO SANTO CONTEMPLANDO AQUISICAO DE INFRAESTRUTURA, CAMERAS LPR E DE CONTEXTO, E PRESTACAO DE SERVICOS DE LINK DE INTERNET, IMPLANTACAO E MANUTENCAO, PARA AS ENTRADAS DA CIDADE DE SANTA TERESA - ES",2024-04-03T00:00:00,2024-12-01T00:00:00,2024-12-01T00:00:00,Revogada,0.0
2024,12,Licitacao,Prefeitura Municipal de Santa Teresa,Pregao Eletronico,000051/2024,009411/2024,"Contratacao de empresa para aquisicao de Cestas Basicas, visando atender a necessidade da Secretaria Municipal de Assistencia Social, com o proposito de nao comprometer o desempenho dos trabalhos junto as familias em situacao de vulnerabilidade social, em especial as em situacao de inseguranca alimentar.",2024-12-02T00:00:00,2024-12-10T00:00:00,2024-12-10T00:00:00,Concluida,208188.0
2024,12,Licitacao,Prefeitura Municipal de Santa Teresa,Pregao Eletronico,000056/2024,011385/2024,"Contratacao de empresa para o fornecimento de generos alimenticios pereciveis e nao pereciveis (laticinios), destinados a atender as necessidades dos alunos da rede municipal de ensino do municipio de Santa Teresa/ES, conforme as diretrizes do Programa Nacional de Alimentacao Escolar (PNAE) e necessidades da Secretaria Municipal de Assistencia Social e seus Programas vinculados: Centro de Referencia de Assistencia Social   CRAS, Centro de Referencia Especializado de Assistencia Social   CREAS, Servico de Convivencia e Fortalecimento de Vinculos   SCFV, Bolsa Familia, Conselho Tutelar e Servico de Acolhimento Institucional para Criancas e Adolescentes  Manoel Valentim , conforme condicoes e exigencias estabelecidas neste instrumento",2024-12-04T00:00:00,2024-12-19T00:00:00,2024-12-19T00:00:00,Concluida,125993.18
